llm,domain,speech_complexity,termination_reason,count,total,proportion
gemini:gemini-live-2.5-flash-native-audio,airline,control,agent_stop,20,50,0.4
gemini:gemini-live-2.5-flash-native-audio,airline,control,too_many_errors,3,50,0.06
gemini:gemini-live-2.5-flash-native-audio,airline,control,user_stop,27,50,0.54
gemini:gemini-live-2.5-flash-native-audio,airline,regular,agent_stop,17,50,0.34
gemini:gemini-live-2.5-flash-native-audio,airline,regular,too_many_errors,1,50,0.02
gemini:gemini-live-2.5-flash-native-audio,airline,regular,user_stop,32,50,0.64
gemini:gemini-live-2.5-flash-native-audio,retail,control,agent_stop,31,114,0.2719
gemini:gemini-live-2.5-flash-native-audio,retail,control,user_stop,83,114,0.7281
gemini:gemini-live-2.5-flash-native-audio,retail,control_accents,agent_stop,30,114,0.2632
gemini:gemini-live-2.5-flash-native-audio,retail,control_accents,user_stop,84,114,0.7368
gemini:gemini-live-2.5-flash-native-audio,retail,control_audio,agent_stop,31,114,0.2719
gemini:gemini-live-2.5-flash-native-audio,retail,control_audio,user_stop,83,114,0.7281
gemini:gemini-live-2.5-flash-native-audio,retail,control_behavior,agent_stop,23,114,0.2018
gemini:gemini-live-2.5-flash-native-audio,retail,control_behavior,too_many_errors,1,114,0.0088
gemini:gemini-live-2.5-flash-native-audio,retail,control_behavior,user_stop,90,114,0.7895
gemini:gemini-live-2.5-flash-native-audio,retail,regular,agent_stop,28,114,0.2456
gemini:gemini-live-2.5-flash-native-audio,retail,regular,user_stop,86,114,0.7544
gemini:gemini-live-2.5-flash-native-audio,telecom,control,agent_stop,103,114,0.9035
gemini:gemini-live-2.5-flash-native-audio,telecom,control,too_many_errors,4,114,0.0351
gemini:gemini-live-2.5-flash-native-audio,telecom,control,user_stop,7,114,0.0614
gemini:gemini-live-2.5-flash-native-audio,telecom,regular,agent_stop,96,114,0.8421
gemini:gemini-live-2.5-flash-native-audio,telecom,regular,too_many_errors,4,114,0.0351
gemini:gemini-live-2.5-flash-native-audio,telecom,regular,user_stop,14,114,0.1228
openai:gpt-realtime-1.5,airline,control,agent_stop,6,50,0.12
openai:gpt-realtime-1.5,airline,control,user_stop,44,50,0.88
openai:gpt-realtime-1.5,airline,regular,agent_stop,8,50,0.16
openai:gpt-realtime-1.5,airline,regular,max_steps,2,50,0.04
openai:gpt-realtime-1.5,airline,regular,user_stop,40,50,0.8
openai:gpt-realtime-1.5,retail,control,agent_stop,8,114,0.0702
openai:gpt-realtime-1.5,retail,control,user_stop,106,114,0.9298
openai:gpt-realtime-1.5,retail,control_accents,agent_stop,8,114,0.0702
openai:gpt-realtime-1.5,retail,control_accents,max_steps,2,114,0.0175
openai:gpt-realtime-1.5,retail,control_accents,user_stop,104,114,0.9123
openai:gpt-realtime-1.5,retail,control_audio,agent_stop,11,114,0.0965
openai:gpt-realtime-1.5,retail,control_audio,max_steps,2,114,0.0175
openai:gpt-realtime-1.5,retail,control_audio,user_stop,101,114,0.886
openai:gpt-realtime-1.5,retail,control_behavior,agent_stop,5,114,0.0439
openai:gpt-realtime-1.5,retail,control_behavior,max_steps,4,114,0.0351
openai:gpt-realtime-1.5,retail,control_behavior,user_stop,105,114,0.9211
openai:gpt-realtime-1.5,retail,regular,agent_stop,4,114,0.0351
openai:gpt-realtime-1.5,retail,regular,max_steps,3,114,0.0263
openai:gpt-realtime-1.5,retail,regular,user_stop,107,114,0.9386
openai:gpt-realtime-1.5,telecom,control,agent_stop,86,114,0.7544
openai:gpt-realtime-1.5,telecom,control,max_steps,1,114,0.0088
openai:gpt-realtime-1.5,telecom,control,user_stop,27,114,0.2368
openai:gpt-realtime-1.5,telecom,regular,agent_stop,75,114,0.6579
openai:gpt-realtime-1.5,telecom,regular,max_steps,13,114,0.114
openai:gpt-realtime-1.5,telecom,regular,user_stop,26,114,0.2281
openai:gpt-realtime-2025-08-28,airline,control,agent_stop,10,50,0.2
openai:gpt-realtime-2025-08-28,airline,control,max_steps,2,50,0.04
openai:gpt-realtime-2025-08-28,airline,control,too_many_errors,1,50,0.02
openai:gpt-realtime-2025-08-28,airline,control,user_stop,37,50,0.74
openai:gpt-realtime-2025-08-28,airline,regular,agent_stop,14,50,0.28
openai:gpt-realtime-2025-08-28,airline,regular,too_many_errors,2,50,0.04
openai:gpt-realtime-2025-08-28,airline,regular,user_stop,34,50,0.68
openai:gpt-realtime-2025-08-28,retail,control,agent_stop,13,114,0.114
openai:gpt-realtime-2025-08-28,retail,control,user_stop,101,114,0.886
openai:gpt-realtime-2025-08-28,retail,control_accents,agent_stop,18,114,0.1579
openai:gpt-realtime-2025-08-28,retail,control_accents,user_stop,96,114,0.8421
openai:gpt-realtime-2025-08-28,retail,control_audio,agent_stop,15,114,0.1316
openai:gpt-realtime-2025-08-28,retail,control_audio,user_stop,99,114,0.8684
openai:gpt-realtime-2025-08-28,retail,control_behavior,agent_stop,13,114,0.114
openai:gpt-realtime-2025-08-28,retail,control_behavior,user_stop,101,114,0.886
openai:gpt-realtime-2025-08-28,retail,regular,agent_stop,21,114,0.1842
openai:gpt-realtime-2025-08-28,retail,regular,max_steps,1,114,0.0088
openai:gpt-realtime-2025-08-28,retail,regular,user_stop,92,114,0.807
openai:gpt-realtime-2025-08-28,telecom,control,agent_stop,72,114,0.6316
openai:gpt-realtime-2025-08-28,telecom,control,max_steps,5,114,0.0439
openai:gpt-realtime-2025-08-28,telecom,control,too_many_errors,18,114,0.1579
openai:gpt-realtime-2025-08-28,telecom,control,user_stop,19,114,0.1667
openai:gpt-realtime-2025-08-28,telecom,regular,agent_stop,73,114,0.6404
openai:gpt-realtime-2025-08-28,telecom,regular,max_steps,10,114,0.0877
openai:gpt-realtime-2025-08-28,telecom,regular,too_many_errors,10,114,0.0877
openai:gpt-realtime-2025-08-28,telecom,regular,user_stop,21,114,0.1842
xai:xai-realtime,airline,control,agent_stop,22,50,0.44
xai:xai-realtime,airline,control,max_steps,2,50,0.04
xai:xai-realtime,airline,control,too_many_errors,1,50,0.02
xai:xai-realtime,airline,control,user_stop,25,50,0.5
xai:xai-realtime,airline,regular,agent_stop,15,50,0.3
xai:xai-realtime,airline,regular,max_steps,8,50,0.16
xai:xai-realtime,airline,regular,too_many_errors,2,50,0.04
xai:xai-realtime,airline,regular,user_stop,25,50,0.5
xai:xai-realtime,retail,control,agent_stop,18,114,0.1579
xai:xai-realtime,retail,control,max_steps,18,114,0.1579
xai:xai-realtime,retail,control,user_stop,78,114,0.6842
xai:xai-realtime,retail,control_accents,agent_stop,23,114,0.2018
xai:xai-realtime,retail,control_accents,max_steps,36,114,0.3158
xai:xai-realtime,retail,control_accents,too_many_errors,1,114,0.0088
xai:xai-realtime,retail,control_accents,user_stop,54,114,0.4737
xai:xai-realtime,retail,control_audio,agent_stop,19,114,0.1667
xai:xai-realtime,retail,control_audio,max_steps,24,114,0.2105
xai:xai-realtime,retail,control_audio,user_stop,71,114,0.6228
xai:xai-realtime,retail,control_behavior,agent_stop,13,114,0.114
xai:xai-realtime,retail,control_behavior,max_steps,6,114,0.0526
xai:xai-realtime,retail,control_behavior,user_stop,95,114,0.8333
xai:xai-realtime,retail,regular,agent_stop,18,114,0.1579
xai:xai-realtime,retail,regular,max_steps,25,114,0.2193
xai:xai-realtime,retail,regular,too_many_errors,1,114,0.0088
xai:xai-realtime,retail,regular,user_stop,70,114,0.614
xai:xai-realtime,telecom,control,agent_stop,18,114,0.1579
xai:xai-realtime,telecom,control,max_steps,40,114,0.3509
xai:xai-realtime,telecom,control,user_stop,56,114,0.4912
xai:xai-realtime,telecom,regular,agent_stop,21,114,0.1842
xai:xai-realtime,telecom,regular,max_steps,60,114,0.5263
xai:xai-realtime,telecom,regular,user_stop,33,114,0.2895
