error_category,gemini-live-2.5-flas (control),gemini-live-2.5-flas (control_accents),gemini-live-2.5-flas (control_audio),gemini-live-2.5-flas (control_behavior),gemini-live-2.5-flas (regular),gpt-realtime-1.5 (control),gpt-realtime-1.5 (control_accents),gpt-realtime-1.5 (control_audio),gpt-realtime-1.5 (control_behavior),gpt-realtime-1.5 (regular),gpt-realtime-2025-08 (control),gpt-realtime-2025-08 (control_accents),gpt-realtime-2025-08 (control_audio),gpt-realtime-2025-08 (control_behavior),gpt-realtime-2025-08 (regular),xai-realtime (control),xai-realtime (control_accents),xai-realtime (control_audio),xai-realtime (control_behavior),xai-realtime (regular),TOTAL
Error: User not found,76,68,96,91,122,20,36,32,28,67,37,74,64,49,107,97,185,108,95,183,1635
Error: Tool 'check_network_status' not found.,28,0,0,0,30,0,0,0,0,0,92,0,0,0,74,0,0,0,0,0,224
Error: Tool 'set_network_mode_preference' not found.,41,0,0,0,33,4,0,0,0,25,43,0,0,0,63,0,0,0,0,0,209
Error: Tool 'can_send_mms' not found.,24,0,0,0,20,0,0,0,0,1,52,0,0,0,45,0,0,0,0,0,142
Error: Tool 'run_speed_test' not found.,35,0,0,0,32,0,0,0,0,2,32,0,0,0,41,0,0,0,0,0,142
Error: Tool 'toggle_airplane_mode' not found.,48,0,0,0,41,4,0,0,0,3,12,0,0,0,18,0,0,0,0,0,126
Error: Tool 'check_status_bar' not found.,11,0,0,0,16,1,0,0,0,2,45,0,0,0,50,0,0,0,0,0,125
Error: Tool 'reset_apn_settings' not found.,36,0,0,0,30,0,0,0,0,14,18,0,0,0,25,0,0,0,0,0,123
Error: Tool 'reseat_sim_card' not found.,13,0,0,0,14,7,0,0,0,7,35,0,0,0,32,0,0,0,0,0,108
Error: Tool 'check_sim_status' not found.,22,0,0,0,24,1,0,0,0,0,35,0,0,0,26,0,0,0,0,0,108
Error: Tool 'toggle_data' not found.,38,0,0,0,30,1,0,0,0,2,21,0,0,0,11,0,0,0,0,0,103
Error: Order not found,11,8,18,7,9,0,0,2,0,2,0,0,0,0,2,5,6,5,1,22,98
Error: Tool 'check_apn_settings' not found.,23,0,0,0,16,0,0,0,0,3,27,0,0,0,24,0,0,0,0,0,93
Error: Payment method should be the original payment method,8,9,8,6,4,4,3,3,2,2,5,6,5,3,3,3,2,2,5,2,85
Error: Non-delivered order cannot be exchanged,5,1,13,3,6,3,2,2,3,0,4,6,8,8,12,0,1,0,0,1,78
Error: Tool 'check_network_mode_preference' not found.,1,0,0,0,4,0,0,0,0,0,23,0,0,0,26,0,0,0,0,0,54
Missing positional arguments,0,0,0,0,0,0,2,0,1,10,5,2,5,6,20,0,0,0,0,0,51
Error: Tool 'check_app_permissions' not found.,9,0,0,0,9,0,0,0,0,1,12,0,0,0,16,0,0,0,0,0,47
Error: Non-delivered order cannot be returned,4,9,5,6,3,0,0,1,0,1,4,4,2,2,3,1,0,1,1,0,47
Error: Variant not found,3,9,1,5,1,2,1,0,0,1,1,0,2,9,6,0,0,0,1,0,42
"Error: 1 validation error for FlightInfo
date
  Field requir",27,0,0,0,14,0,0,0,0,0,0,0,0,0,0,0,0,0,0,0,41
Error: The number of items to be exchanged should match,3,3,0,4,3,2,0,1,2,0,6,8,4,1,1,0,0,0,0,0,38
Error: Item not found,3,1,4,0,1,0,0,2,1,1,0,0,2,2,0,7,2,0,2,6,34
Error: Tool 'check_wifi_calling_status' not found.,3,0,0,0,2,0,0,0,0,0,21,0,0,0,8,0,0,0,0,0,34
Error: Non-pending order cannot be modified,5,6,3,4,5,0,0,0,0,0,2,3,0,2,3,0,0,0,0,0,33
Error: Tool 'toggle_data_saver_mode' not found.,15,0,0,0,9,0,0,0,0,0,2,0,0,0,6,0,0,0,0,0,32
"Error: 2 validation errors for FlightInfo
flight_number
  Fi",21,0,0,0,9,0,0,0,0,0,0,0,0,0,0,0,0,0,0,0,30
Error: Customer with phone number 555-123-0002 not found,0,0,0,0,0,0,0,0,0,14,0,0,0,0,13,0,0,0,0,1,28
Error: Tool 'reboot_device' not found.,7,0,0,0,12,0,0,0,0,1,1,0,0,0,5,0,0,0,0,0,26
Error: The new item id should be different from the old item,6,4,0,1,0,1,2,2,1,1,3,1,2,0,1,0,0,0,1,0,26
Error: Customer with phone number 555-123 not found,0,0,0,0,1,0,0,0,0,0,0,0,0,0,1,14,0,0,0,7,23
Error: Tool 'check_data_restriction_status' not found.,4,0,0,0,4,0,0,0,0,1,7,0,0,0,6,0,0,0,0,0,22
Error: Non-pending order cannot be cancelled,2,1,7,3,2,0,0,0,0,0,1,2,0,1,0,0,0,0,1,0,20
Error: Customer with phone number +1-555-123-2002 not found,9,0,0,0,11,0,0,0,0,0,0,0,0,0,0,0,0,0,0,0,20
Error: Customer with phone number 5551232002 not found,0,0,0,0,0,8,0,0,0,7,0,0,0,0,0,0,0,0,0,4,19
Error: Tool 'toggle_wifi_calling' not found.,4,0,0,0,3,0,0,0,0,1,3,0,0,0,8,0,0,0,0,0,19
Error: Product not found,1,2,1,1,3,0,0,0,0,0,0,1,2,2,0,2,0,0,1,2,18
Error: User arav_garcia_1177 not found,4,0,0,0,2,0,0,0,0,0,0,0,0,0,8,3,0,0,0,0,17
Error: Insufficient gift card balance to pay for the price d,0,1,0,0,1,1,1,1,1,1,1,2,0,1,0,1,0,1,1,1,15
Error: New item 3111466194 not found or available,0,1,0,0,0,2,2,2,2,1,1,1,2,1,0,0,0,0,0,0,15
Error: User Sophia_Silva_7557 not found,0,0,0,0,0,0,0,0,0,0,0,0,0,0,0,8,0,0,0,7,15
Error: Customer with phone number unknown not found,0,0,0,0,0,0,0,0,0,0,0,0,0,0,0,7,0,0,0,7,14
Error: User arav_ahmed_6699 not found,0,0,0,0,2,2,0,0,0,4,5,0,0,0,1,0,0,0,0,0,14
Error: Tool 'disconnect_vpn' not found.,2,0,0,0,3,0,0,0,0,1,1,0,0,0,7,0,0,0,0,0,14
Error: 1355937109 not found,1,2,0,0,1,1,0,0,4,0,1,1,1,1,0,0,0,0,0,0,13
Error: User sofia_silva_7557 not found,0,0,0,0,0,1,0,0,0,3,3,0,0,0,5,0,0,0,0,0,12
Error: Customer with phone number 555-123-002 not found,0,0,0,0,0,0,0,0,0,1,0,0,0,0,0,0,0,0,0,9,10
Error: Tool 'make_payment' not found.,0,0,0,0,0,3,0,0,0,1,0,0,0,0,6,0,0,0,0,0,10
Error: Customer with phone number +15551232002 not found,0,0,0,0,10,0,0,0,0,0,0,0,0,0,0,0,0,0,0,0,10
Error: User Amelia_Davis_8890 not found,0,0,0,0,0,0,0,0,0,0,0,0,0,0,0,3,0,0,0,7,10
Error: Reservation XEHN4B not found,0,0,0,0,0,0,0,0,0,0,7,0,0,0,2,0,0,0,0,0,9
Error: New item 3788616824 not found or available,1,0,1,1,1,1,1,1,1,1,0,0,0,0,0,0,0,0,0,0,9
Error: User noah_mueller_9847 not found,0,0,0,0,0,0,0,0,0,0,3,0,0,0,6,0,0,0,0,0,9
Error: Customer with phone number 5555-123-2002 not found,0,0,0,0,0,0,0,0,0,0,0,0,0,0,0,9,0,0,0,0,9
Error: Tool 'grant_app_permission' not found.,1,0,0,0,1,0,0,0,0,3,3,0,0,0,1,0,0,0,0,0,9
Error: Tool 'set_apn_settings' not found.,0,0,0,0,0,0,0,0,0,0,1,0,0,0,7,0,0,0,0,0,8
Error: Some item not found,2,0,2,2,0,0,0,0,0,0,0,1,1,0,0,0,0,0,0,0,8
Error: Customer with phone number 555-123-4567 not found,0,0,0,0,0,0,0,0,0,3,0,0,0,0,1,1,0,0,0,3,8
Error: User Anya_Garcia_5901 not found,0,0,0,0,0,0,0,0,0,0,0,0,0,0,0,6,0,0,0,2,8
Error: User Sofia_Kim_7287 not found,0,0,0,0,0,0,0,0,0,0,0,0,0,0,0,7,0,0,0,0,7
Error: Payment method not found,0,2,1,0,1,0,0,0,0,0,1,0,0,0,0,0,0,0,2,0,7
Error: User Noah_Muller_9847 not found,0,0,0,0,0,0,0,0,0,0,0,0,0,0,0,6,0,0,0,1,7
Error: Tool 'check_vpn_status' not found.,1,0,0,0,2,0,0,0,0,0,3,0,0,0,1,0,0,0,0,0,7
Error: Insufficient gift card balance to pay for the order,0,1,1,1,1,1,0,1,0,0,0,1,0,0,0,0,0,0,0,0,7
Error: Number of 5996159312 not found.,1,0,0,0,3,0,0,1,0,0,0,0,0,1,1,0,0,0,0,0,7
Error: Number of 2216662955 not found.,2,0,1,0,2,0,0,0,0,0,1,0,0,0,0,0,0,0,0,0,6
"Error: Payment amount does not add up, total price is 375, b",1,0,0,0,1,0,0,0,0,0,2,0,0,0,2,0,0,0,0,0,6
Error: User Omar_Rossi_1241 not found,0,0,0,0,0,0,0,0,0,0,0,0,0,0,0,2,0,0,0,4,6
Error: Gift card balance is not enough,0,0,0,0,0,1,0,0,0,0,0,0,0,0,5,0,0,0,0,0,6
Error: User anaya_garcia_5901 not found,0,0,0,0,0,0,0,0,0,4,0,0,0,0,2,0,0,0,0,0,6
"Error: Payment amount does not add up, total price is 263, b",0,0,0,0,0,0,0,0,0,0,0,0,0,0,5,0,0,0,0,0,5
Error: Reservation HHQ05L not found,0,0,0,0,0,0,0,0,0,2,0,0,0,0,1,0,0,0,0,2,5
Error: Reservation IFOYVZ not found,3,0,0,0,2,0,0,0,0,0,0,0,0,0,0,0,0,0,0,0,5
Error: User Yara_Garcia_1905 not found,0,0,0,0,0,0,0,0,0,0,0,0,0,0,0,2,0,0,0,3,5
Error: New item 5753502325 not found or available,0,0,0,0,0,0,0,0,0,0,2,0,2,0,0,0,0,0,0,0,4
Error: User Ethan_Martin_2396 not found,0,0,0,0,2,0,0,0,0,0,0,0,0,0,0,0,0,0,0,2,4
Error: User Amelia_Sanchez_4739 not found,0,0,0,0,0,0,0,0,0,0,0,0,0,0,0,1,0,0,0,3,4
Error: Customer with phone number  not found,0,0,0,0,3,0,0,0,0,0,0,0,0,0,1,0,0,0,0,0,4
Error: Number of passengers does not match,0,0,0,0,2,0,0,0,0,0,2,0,0,0,0,0,0,0,0,0,4
Error: New item 6341716129 not found or available,3,0,1,0,0,0,0,0,0,0,0,0,0,0,0,0,0,0,0,0,4
Error: Number of 3478699712 not found.,0,0,2,0,2,0,0,0,0,0,0,0,0,0,0,0,0,0,0,0,4
Error: User YARA_GARCIA_1905 not found,0,0,0,0,0,0,0,0,0,0,2,0,0,0,0,2,0,0,0,0,4
Error: Reservation N2NU5R not found,0,0,0,0,0,0,0,0,0,0,0,0,0,0,0,4,0,0,0,0,4
Error: Reservation NQN5UR not found,4,0,0,0,0,0,0,0,0,0,0,0,0,0,0,0,0,0,0,0,4
Error: User OLIVIA_GONZALEZ_2305 not found,0,0,0,0,1,0,0,0,0,3,0,0,0,0,0,0,0,0,0,0,4
Error: Certificate cannot be used to update reservation,0,0,0,0,0,1,0,0,0,0,3,0,0,0,0,0,0,0,0,0,4
Error: User Omar_Davis_3817 not found,0,0,0,0,0,0,0,0,0,0,0,0,0,0,0,2,0,0,0,2,4
Error: Tool 'check_installed_apps' not found.,0,0,0,0,1,0,0,0,0,0,2,0,0,0,1,0,0,0,0,0,4
Error: Customer with phone number 555-1234 not found,2,0,0,0,2,0,0,0,0,0,0,0,0,0,0,0,0,0,0,0,4
Error: Customer with phone number 555-123-200 not found,0,0,0,0,0,0,0,0,0,0,0,0,0,0,0,2,0,0,0,2,4
Error: Customer with phone number 555-123-2022 not found,0,0,0,0,0,0,0,0,0,3,0,0,0,0,1,0,0,0,0,0,4
Error: Customer with phone number 5551230002 not found,0,0,0,0,0,0,0,0,0,3,0,0,0,0,0,0,0,0,0,0,3
Error: User may_brown_7075 not found,1,0,0,0,0,0,0,0,0,0,0,0,0,0,0,2,0,0,0,0,3
Error: User MOHAMED_HERNANDEZ_5188 not found,0,0,0,0,0,0,0,0,0,0,0,0,0,0,3,0,0,0,0,0,3
Error: New item 8030558068 not found or available,0,0,0,0,0,0,1,0,0,0,1,1,0,0,0,0,0,0,0,0,3
Error: User sara_cia_1905 not found,0,0,0,0,3,0,0,0,0,0,0,0,0,0,0,0,0,0,0,0,3
Error: Not enough balance in payment method gift_card_777348,0,0,0,0,0,0,0,0,0,0,0,0,0,0,3,0,0,0,0,0,3
Error: User NOAH_MULLER_9847 not found,0,0,0,0,0,0,0,0,0,0,3,0,0,0,0,0,0,0,0,0,3
Error: Number of 1355937109 not found.,0,0,0,0,0,0,0,0,0,0,1,1,1,0,0,0,0,0,0,0,3
Error: User mohammad_hernandez_5188 not found,3,0,0,0,0,0,0,0,0,0,0,0,0,0,0,0,0,0,0,0,3
Error: User OMAR_ROSSI_1241 not found,0,0,0,0,0,0,0,0,0,0,0,0,0,0,2,1,0,0,0,0,3
Error: Reservation 1N99QU6 not found,0,0,0,0,0,0,0,0,0,0,0,0,0,0,3,0,0,0,0,0,3
Error: User Amelia_Sanchez_ not found,0,0,0,0,0,0,0,0,0,0,0,0,0,0,0,3,0,0,0,0,3
Error: New item 3609437808 not found or available,0,0,0,0,0,0,0,0,1,0,2,0,0,0,0,0,0,0,0,0,3
Error: Reservation EHG5LP3 not found,0,0,0,0,0,3,0,0,0,0,0,0,0,0,0,0,0,0,0,0,3
Error: Reservation GB1N64 not found,0,0,0,0,0,0,0,0,0,0,0,0,0,0,3,0,0,0,0,0,3
Error: Reservation HAQ05L not found,0,0,0,0,0,0,0,0,0,0,0,0,0,0,3,0,0,0,0,0,3
Error: Reservation HXDWVJ not found,0,0,0,0,0,2,0,0,0,1,0,0,0,0,0,0,0,0,0,0,3
Error: User arif_ahmed_6699 not found,0,0,0,0,0,1,0,0,0,0,0,0,0,0,2,0,0,0,0,0,3
Error: Reservation NKNV5R not found,0,0,0,0,3,0,0,0,0,0,0,0,0,0,0,0,0,0,0,0,3
Error: User AARAV_GARCIA_1177 not found,0,0,0,0,0,0,0,0,0,3,0,0,0,0,0,0,0,0,0,0,3
Error: Reservation XEH4B not found,0,0,0,0,0,0,0,0,0,0,0,0,0,0,3,0,0,0,0,0,3
Error: Reservation YAX4ZR not found,0,0,0,0,0,0,0,0,0,0,0,0,0,0,0,0,0,0,0,3,3
Error: Customer with phone number 555 not found,0,0,0,0,0,0,0,0,0,0,0,0,0,0,1,0,0,0,0,2,3
Error: Customer with phone number +1-212-555-6789 not found,0,0,0,0,0,0,0,0,0,0,0,0,0,0,3,0,0,0,0,0,3
Error: New item 4624254797 not found or available,0,0,0,0,0,1,0,0,1,1,0,0,0,0,0,0,0,0,0,0,3
Error: Customer with phone number (555) 123-2002 not found,1,0,0,0,2,0,0,0,0,0,0,0,0,0,0,0,0,0,0,0,3
Error: Invalid characters in expression,0,0,0,0,0,0,0,0,0,0,2,0,0,0,0,1,0,0,0,0,3
Error: Customer with phone number 55551232002 not found,0,0,0,0,0,0,0,0,0,0,0,0,0,0,0,2,0,0,0,1,3
Error: User yare_garcia_1905 not found,0,0,0,0,0,0,0,0,0,3,0,0,0,0,0,0,0,0,0,0,3
Error: User sophia_kim_7287 not found,1,0,0,0,1,0,0,0,0,0,0,0,0,0,0,0,0,0,0,1,3
Error: User taiki_lee_6144 not found,0,0,0,0,0,0,0,0,0,0,0,0,0,0,3,0,0,0,0,0,3
Error: User RAJ_BROWN_5782 not found,0,0,0,0,0,0,0,0,0,0,0,0,0,0,0,2,0,0,0,0,2
Error: User arav_garcia not found,2,0,0,0,0,0,0,0,0,0,0,0,0,0,0,0,0,0,0,0,2
Error: Reservation JMO not found,0,0,0,0,0,0,0,0,0,0,0,0,0,0,0,2,0,0,0,0,2
Error: Reservation IFOYZ not found,0,0,0,0,0,0,0,0,0,0,0,0,0,0,0,1,0,0,0,1,2
Error: User Lucas_Brown_4047 not found,2,0,0,0,0,0,0,0,0,0,0,0,0,0,0,0,0,0,0,0,2
Error: Reservation IFOYS not found,0,0,0,0,0,0,0,0,0,0,0,0,0,0,0,2,0,0,0,0,2
Error: User James_Patel_9828 not found,0,0,0,0,0,0,0,0,0,0,0,0,0,0,0,2,0,0,0,0,2
Error: Reservation HXDUJ not found,0,0,0,0,0,0,0,0,0,0,0,0,0,0,0,0,0,0,0,2,2
Error: User chem_lee_6825 not found,0,0,0,0,0,0,0,0,0,0,0,0,0,0,0,0,0,0,0,2,2
Error: User sia_cim_7287 not found,0,0,0,0,0,0,0,0,0,0,0,0,0,0,0,0,0,0,0,2,2
Error: User AARAZ_AHMED_6699 not found,0,0,0,0,0,0,0,0,0,0,0,0,0,0,0,2,0,0,0,0,2
Error: User James_Patel_828 not found,0,0,0,0,0,0,0,0,0,0,0,0,0,0,0,0,0,0,0,2,2
Error: User emma_m not found,0,0,0,0,0,0,0,0,0,0,0,0,0,0,0,0,0,0,0,2,2
Error: User ANYA_GARCIA_5901 not found,0,0,0,0,0,0,0,0,0,0,0,0,0,0,0,1,0,0,0,1,2
Error: User sosa_kim_7287 not found,0,0,0,0,2,0,0,0,0,0,0,0,0,0,0,0,0,0,0,0,2
Error: New item 3778566150 not found or available,0,1,0,0,0,0,0,0,0,0,0,0,0,0,0,0,1,0,0,0,2
Error: User Alla_Davis_8890 not found,0,0,0,0,0,0,0,0,0,0,0,0,0,0,0,0,0,0,0,2,2
Error: Reservation EUJJUY6 not found,0,0,0,0,0,0,0,0,0,0,0,0,0,0,0,2,0,0,0,0,2
Error: Reservation EHGPLP3 not found,0,0,0,0,0,0,0,0,0,2,0,0,0,0,0,0,0,0,0,0,2
Error: Reservation EEP4E0 not found,0,0,0,0,0,0,0,0,0,2,0,0,0,0,0,0,0,0,0,0,2
Error: Reservation BE5SQ not found,0,0,0,0,0,0,0,0,0,0,0,0,0,0,2,0,0,0,0,0,2
Error: User Olivia_Gonzalez_2305 not found,0,0,0,0,0,0,0,0,0,0,0,0,0,0,0,2,0,0,0,0,2
Error: User daiki_mueller_1116 not found,0,0,0,0,0,0,0,0,0,0,0,0,0,0,2,0,0,0,0,0,2
Error: User ania_garcia_5901 not found,0,0,0,0,0,0,0,0,0,0,0,0,0,0,2,0,0,0,0,0,2
Error: User James_Patel not found,0,0,0,0,0,0,0,0,0,0,0,0,0,0,0,2,0,0,0,0,2
Error: Reservation XEH4MB not found,0,0,0,0,0,0,0,0,0,0,2,0,0,0,0,0,0,0,0,0,2
Error: 1656367028 not found,0,0,1,0,0,1,0,0,0,0,0,0,0,0,0,0,0,0,0,0,2
Error: Customer with phone number 555-123- not found,0,0,0,0,0,0,0,0,0,0,0,0,0,0,0,2,0,0,0,0,2
Error: AirlineTools.cancel_reservation() got an unexpected k,2,0,0,0,0,0,0,0,0,0,0,0,0,0,0,0,0,0,0,0,2
Error: Customer with phone number 123-456-7890 not found,0,0,0,0,1,0,0,0,0,0,0,0,0,0,0,0,0,0,0,1,2
Error: User _garcia_1177 not found,0,0,0,0,0,0,0,0,0,0,0,0,0,0,0,0,0,0,0,2,2
Error: Customer with phone number 551-123-2002 not found,0,0,0,0,0,0,0,0,0,0,0,0,0,0,0,0,0,0,0,2,2
Error: User Sophia_Martin_4574 not found,0,0,0,0,0,0,0,0,0,0,0,0,0,0,0,2,0,0,0,0,2
Error: A bill is already awaiting payment for this customer,0,0,0,0,0,0,0,0,0,0,0,0,0,0,2,0,0,0,0,0,2
Error: Reservation XEHMB4 not found,0,0,0,0,0,0,0,0,0,0,0,0,0,0,2,0,0,0,0,0,2
Error: Reservation XCHM4V not found,0,0,0,0,2,0,0,0,0,0,0,0,0,0,0,0,0,0,0,0,2
Error: Reservation PEP4EZ not found,0,0,0,0,2,0,0,0,0,0,0,0,0,0,0,0,0,0,0,0,2
Error: User a_ahmed_6699 not found,0,0,0,0,0,0,0,0,0,0,0,0,0,0,2,0,0,0,0,0,2
Error: User aarav_ahmad_6699 not found,0,0,0,0,2,0,0,0,0,0,0,0,0,0,0,0,0,0,0,0,2
Error: User Sophia_Kim_7287 not found,0,0,0,0,0,0,0,0,0,0,0,0,0,0,0,2,0,0,0,0,2
Error: 3076708684 not found,0,0,0,0,2,0,0,0,0,0,0,0,0,0,0,0,0,0,0,0,2
"Error: 3 validation errors for Passenger
first_name
  Field ",2,0,0,0,0,0,0,0,0,0,0,0,0,0,0,0,0,0,0,0,2
Error: 3 not found,0,0,0,2,0,0,0,0,0,0,0,0,0,0,0,0,0,0,0,0,2
Error: Reservation VA5SDQ not found,0,0,0,0,0,0,0,0,0,2,0,0,0,0,0,0,0,0,0,0,2
Error: Tool 'toggle_roaming' not found.,1,0,0,0,0,0,0,0,0,0,1,0,0,0,0,0,0,0,0,0,2
Error: Reservation TEP4E0 not found,0,0,0,0,0,0,0,0,0,2,0,0,0,0,0,0,0,0,0,0,2
Error: Flight AT8045 not found,0,0,0,0,0,0,0,0,0,2,0,0,0,0,0,0,0,0,0,0,2
Error: User Alia_Cavis_8890 not found,0,0,0,0,0,0,0,0,0,0,0,0,0,0,0,0,0,0,0,2,2
Error: Customer with phone number 555-123-02 not found,0,0,0,0,0,0,0,0,0,0,0,0,0,0,0,0,0,0,0,2,2
Error: User mohammad_silva_9265 not found,2,0,0,0,0,0,0,0,0,0,0,0,0,0,0,0,0,0,0,0,2
Error: Customer with phone number 555-123-2345 not found,1,0,0,0,0,0,0,0,0,0,0,0,0,0,0,0,0,0,0,1,2
Error: Number of 9494281769 not found.,0,0,0,0,0,0,0,0,0,0,0,2,0,0,0,0,0,0,0,0,2
Error: User sofia_martin_4574 not found,0,0,0,0,0,0,0,0,0,0,1,0,0,0,1,0,0,0,0,0,2
Error: New item 6439196450 not found or available,0,0,0,0,0,0,0,0,0,0,2,0,0,0,0,0,0,0,0,0,2
Error: Number of 6245746168 not found.,0,1,1,0,0,0,0,0,0,0,0,0,0,0,0,0,0,0,0,0,2
Error: User Ivan_Rossi_855 not found,0,0,0,0,0,0,0,0,0,0,0,0,0,0,0,0,0,0,0,2,2
Error: User sara_doe_496 not found,0,0,0,0,2,0,0,0,0,0,0,0,0,0,0,0,0,0,0,0,2
Error: User mohammad_hernandez not found,2,0,0,0,0,0,0,0,0,0,0,0,0,0,0,0,0,0,0,0,2
Error: New item 1270145486 not found or available,0,0,0,0,0,0,0,0,0,0,0,0,0,2,0,0,0,0,0,0,2
Error: User BTHAN_MARTIN_2396 not found,0,0,0,0,0,0,0,0,0,0,0,0,0,0,0,2,0,0,0,0,2
Error: User noah_miller_9847 not found,0,0,0,0,0,0,0,0,0,2,0,0,0,0,0,0,0,0,0,0,2
Error: Invalid reason,0,0,0,0,0,0,0,1,0,0,0,0,0,0,1,0,0,0,0,0,2
Error: Customer with phone number 555-1232 not found,0,0,0,0,0,0,0,0,0,0,0,0,0,0,0,0,0,0,0,2,2
Error: User rj_sanchez_7340 not found,0,0,0,0,0,2,0,0,0,0,0,0,0,0,0,0,0,0,0,0,2
Error: User Mohamed_Silva_9265 not found,0,0,0,0,0,0,0,0,0,0,0,0,0,0,0,2,0,0,0,0,2
Error: User rf_garcia_1177 not found,0,0,0,0,0,0,0,0,0,0,2,0,0,0,0,0,0,0,0,0,2
Error: User Mohamed_Hernandez_5188 not found,0,0,0,0,0,0,0,0,0,2,0,0,0,0,0,0,0,0,0,0,2
Error: User rav_garcia_1177 not found,0,0,0,0,0,0,0,0,0,0,2,0,0,0,0,0,0,0,0,0,2
Error: User EMMA_KIM_9957 not found,0,0,0,0,0,0,0,0,0,0,2,0,0,0,0,0,0,0,0,0,2
Error: Not enough balance in payment method gift_card_735977,2,0,0,0,0,0,0,0,0,0,0,0,0,0,0,0,0,0,0,0,2
Error: User mohamed_fernandes_5188 not found,0,0,0,0,0,0,0,0,0,0,0,0,0,0,0,0,0,0,0,2,2
Error: User sophia_martin not found,0,0,0,0,2,0,0,0,0,0,0,0,0,0,0,0,0,0,0,0,2
Error: Reservation 3RK29 not found,0,0,0,0,0,0,0,0,0,0,0,0,0,0,1,1,0,0,0,0,2
Error: Reservation 3RK239 not found,0,0,0,0,2,0,0,0,0,0,0,0,0,0,0,0,0,0,0,0,2
Error: Reservation 3RK not found,0,0,0,0,0,0,0,0,0,0,0,0,0,0,0,2,0,0,0,0,2
Error: User James_Lee_6136 not found,0,0,0,0,0,0,0,0,0,0,0,0,0,0,0,2,0,0,0,0,2
Error: User mia_kim_4 not found,0,0,0,0,0,0,0,0,0,0,0,0,0,0,0,0,0,0,0,2,2
Error: Customer with phone number 212-555-01235 not found,0,0,0,0,0,0,0,0,0,0,0,0,0,0,0,2,0,0,0,0,2
Error: User MAR_Rossi_1241 not found,0,0,0,0,0,0,0,0,0,0,0,0,0,0,0,0,0,0,0,2,2
"Error: Payment amount does not add up, total price is 4242, ",0,0,0,0,0,0,0,0,0,0,0,0,0,0,2,0,0,0,0,0,2
Error: User MIA_LI_368 not found,0,0,0,0,0,0,0,0,0,0,0,0,0,0,0,0,0,0,0,1,1
Error: Customer with phone number 1231232002 not found,0,0,0,0,0,0,0,0,0,0,0,0,0,0,0,0,0,0,0,1,1
Error: User MIA_LI_3668 not found,0,0,0,0,0,0,0,0,0,0,0,0,0,0,0,0,0,0,0,1,1
Error: User MIA_LI_8 not found,0,0,0,0,0,0,0,0,0,0,0,0,0,0,0,0,0,0,0,1,1
Error: User Sophia_Kim_72287 not found,0,0,0,0,0,0,0,0,0,0,0,0,0,0,0,1,0,0,0,0,1
Error: User Sophia_Taylor_9064 not found,0,0,0,0,0,0,0,0,0,0,0,0,0,0,0,0,0,0,0,1,1
Error: User MIA_D_3668 not found,0,0,0,0,0,0,0,0,0,0,0,0,0,0,0,0,0,0,0,1,1
Error: User MIA_KIM_4397 not found,0,0,0,0,0,0,0,0,0,0,0,0,0,0,0,1,0,0,0,0,1
Error: User LIVIA_GONZALEZ_2305 not found,0,0,0,0,0,0,0,0,0,0,0,0,0,0,0,1,0,0,0,0,1
Error: User Sophia_Silver_7557 not found,0,0,0,0,0,0,0,0,0,0,0,0,0,0,0,0,0,0,0,1,1
Error: User Sophia_Silva not found,0,0,0,0,0,0,0,0,0,0,0,0,0,0,0,0,0,0,0,1,1
Error: User LIAM_KHAN not found,0,0,0,0,0,0,0,0,0,0,0,0,0,0,0,0,0,0,0,1,1
Error: User Sophia_Martin_456 not found,0,0,0,0,0,0,0,0,0,0,0,0,0,0,0,0,0,0,0,1,1
Error: User Sophia_Taylor_90 not found,0,0,0,0,0,0,0,0,0,0,0,0,0,0,0,0,0,0,0,1,1
Error: User Sophia_Silva_75 not found,0,0,0,0,0,0,0,0,0,0,0,0,0,0,0,0,0,0,0,1,1
Error: User Sophia_Taylor not found,0,0,0,0,0,0,0,0,0,0,0,0,0,0,0,1,0,0,0,0,1
Error: User MOHAMTTOHKME not found,0,0,0,0,0,0,0,0,0,0,0,0,0,0,0,0,0,0,0,1,1
Error: User Sophia_Silva_7 not found,0,0,0,0,0,0,0,0,0,0,0,0,0,0,0,0,0,0,0,1,1
Error: User OPBIA_AY not found,0,0,0,0,0,0,0,0,0,0,0,0,0,0,0,0,0,0,0,1,1
Error: User MSLIAM not found,0,0,0,0,0,0,0,0,0,0,0,0,0,0,0,0,0,0,0,1,1
Error: User MEI_BROWN_7075 not found,0,0,0,0,0,0,0,0,0,0,0,0,0,0,0,0,0,0,0,1,1
Error: User Olivia_Gonzalez_ not found,0,0,0,0,0,0,0,0,0,0,0,0,0,0,0,1,0,0,0,0,1
Error: Customer with phone number 12352355123 not found,0,0,0,0,0,0,0,0,0,0,0,0,0,0,0,0,0,0,0,1,1
Error: User Lucas_Brown_Brown not found,1,0,0,0,0,0,0,0,0,0,0,0,0,0,0,0,0,0,0,0,1
Error: Customer with phone number 1232320002 not found,0,0,0,0,0,0,0,0,0,0,0,0,0,0,0,0,0,0,0,1,1
Error: User Omar_rossi_1241 not found,0,0,0,0,0,0,0,0,0,0,0,0,0,0,0,1,0,0,0,0,1
Error: User ONAR_ROSSI_1241 not found,0,0,0,0,0,0,0,0,0,0,0,0,0,0,1,0,0,0,0,0,1
Error: User R9PJS not found,0,0,0,0,0,0,0,0,0,0,0,0,0,0,0,0,0,0,0,1,1
Error: User OMAR_DAVIS not found,0,0,0,0,0,0,0,0,0,0,0,0,0,0,0,1,0,0,0,0,1
Error: Customer with phone number 12355550023 not found,0,0,0,0,0,0,0,0,0,0,0,0,0,0,0,0,0,0,0,1,1
Error: User Noah_Nuller_9847 not found,0,0,0,0,0,0,0,0,0,0,0,0,0,0,0,0,0,0,0,1,1
Error: User RAJ_Sanchez_7340 not found,0,0,0,0,0,0,0,0,0,0,0,0,0,0,0,1,0,0,0,0,1
Error: Customer with phone number 1255555 not found,0,0,0,0,0,0,0,0,0,0,0,0,0,0,0,0,0,0,0,1,1
Error: User RTIA_5901 not found,0,0,0,0,0,0,0,0,0,0,0,0,0,0,0,0,0,0,0,1,1
Error: User Noah_Muller9847 not found,0,0,0,0,0,0,0,0,0,0,0,0,0,0,0,0,0,0,0,1,1
Error: User Raj_Sanchez_7340 not found,0,0,0,0,0,0,0,0,0,0,0,0,0,0,0,1,0,0,0,0,1
Error: User Noah_Muller not found,0,0,0,0,0,0,0,0,0,0,0,0,0,0,0,0,0,0,0,1,1
Error: User SCHIA_EAYLOR_9065 not found,0,0,0,0,0,0,0,0,0,0,0,0,0,0,0,0,0,0,0,1,1
Error: User SCHIA_TAYLOR_90 not found,0,0,0,0,0,0,0,0,0,0,0,0,0,0,0,0,0,0,0,1,1
Error: User SOFIA_kim_7287 not found,0,0,0,0,1,0,0,0,0,0,0,0,0,0,0,0,0,0,0,0,1
Error: User Livia_Gonzalez_2305 not found,0,0,0,0,0,0,0,0,0,0,0,0,0,0,0,1,0,0,0,0,1
Error: User Sophia_Taylor_90640 not found,0,0,0,0,0,0,0,0,0,0,0,0,0,0,0,0,0,0,0,1,1
Error: User SOPHIA_SILVA_7557 not found,0,0,0,0,0,0,0,0,0,0,0,0,0,0,0,1,0,0,0,0,1
Error: Customer with phone number 1232002 not found,0,0,0,0,0,0,0,0,0,0,0,0,0,0,0,0,0,0,0,1,1
Error: User Noah_Mueller_9847 not found,0,0,0,0,0,0,0,0,0,0,0,0,0,0,0,0,0,0,0,1,1
Error: User Sophia_ILVA not found,0,0,0,0,0,0,0,0,0,0,0,0,0,0,0,0,0,0,0,1,1
Error: User SOPHIA_CAYLOR_9065 not found,0,0,0,0,0,0,0,0,0,0,0,0,0,0,0,0,0,0,0,1,1
Error: Customer with phone number 555123001 not found,0,0,0,0,0,0,0,0,0,0,0,0,0,0,0,0,0,0,0,1,1
Error: User Sophia_Taylor_9065 not found,0,0,0,0,0,0,0,0,0,0,0,0,0,0,0,1,0,0,0,0,1
Error: User lucas_brown_123 not found,0,0,0,0,0,0,0,0,0,0,0,0,0,0,0,1,0,0,0,0,1
Error: User omar_marrossi_1241 not found,0,0,0,0,0,0,0,0,0,0,0,0,0,0,0,1,0,0,0,0,1
Error: User olivia_gonzales_2305 not found,0,0,0,0,0,0,0,0,0,0,0,0,0,0,1,0,0,0,0,0,1
Error: Customer with phone number 002-555-123-4567 not found,0,0,0,0,0,0,0,0,0,0,0,0,0,0,0,1,0,0,0,0,1
Error: Customer with phone number 12002202 not found,0,0,0,0,0,0,0,0,0,0,0,0,0,0,0,0,0,0,0,1,1
Error: User mohameda_silva_9265 not found,0,0,0,0,0,1,0,0,0,0,0,0,0,0,0,0,0,0,0,0,1
Error: User mohamed_hrnandez_5188 not found,0,0,0,0,0,0,0,0,0,0,0,0,0,0,0,0,0,0,0,1,1
Error: User mohamed_hrnan_dez_5188 not found,0,0,0,0,0,0,0,0,0,0,0,0,0,0,0,0,0,0,0,1,1
Error: User mohamed_hernandez_45188 not found,0,0,0,0,0,0,0,0,0,0,0,0,0,0,0,1,0,0,0,0,1
Error: User mohamed_fernandez_5188 not found,0,0,0,0,0,0,0,0,0,0,0,0,0,0,0,0,0,0,0,1,1
Error: User mohamed_ernandez_5188 not found,0,0,0,0,0,0,0,0,0,0,0,0,0,0,0,0,0,0,0,1,1
Error: User mohamd_silva_9265 not found,0,0,0,0,0,0,0,0,0,0,0,0,0,0,1,0,0,0,0,0,1
Error: User moh_amd_silva_9265 not found,0,0,0,0,0,0,0,0,0,0,0,0,0,0,1,0,0,0,0,0,1
Error: User moh_amd_s_il_g_a_9265 not found,0,0,0,0,0,0,0,0,0,0,0,0,0,0,1,0,0,0,0,0,1
Error: User moe_m_p_d_silva_9265 not found,0,0,0,0,0,0,0,0,0,1,0,0,0,0,0,0,0,0,0,0,1
Error: User mia_lee_3668 not found,0,0,0,0,0,0,0,0,0,0,1,0,0,0,0,0,0,0,0,0,1
Error: User mia_d_3668 not found,0,0,0,0,0,0,0,0,0,0,0,0,0,0,1,0,0,0,0,0,1
Error: User me_brown_7075 not found,0,0,0,0,0,0,0,0,0,0,0,0,0,0,1,0,0,0,0,0,1
Error: User raj_brown_5 not found,0,0,0,0,0,0,0,0,0,0,0,0,0,0,0,0,0,0,0,1,1
Error: User sara_g not found,0,0,0,0,1,0,0,0,0,0,0,0,0,0,0,0,0,0,0,0,1
Error: User schoolbrownEI_crown_NW_7075 not found,0,0,0,0,0,0,0,0,0,0,0,0,0,0,0,0,0,0,0,1,1
Error: User sopsia_ea557 not found,0,0,0,0,0,0,0,0,0,0,0,0,0,0,0,0,0,0,0,1,1
Error: User yare_rcia_1905 not found,0,0,0,0,0,0,0,0,0,1,0,0,0,0,0,0,0,0,0,0,1
Error: User thomas_silva_9265 not found,0,0,0,0,0,0,0,0,0,0,0,0,0,0,1,0,0,0,0,0,1
Error: User taylor_906 not found,0,0,0,0,0,0,0,0,0,0,0,0,0,0,0,0,0,0,0,1,1
Error: User taiki_lee_6444 not found,0,0,0,0,0,0,0,0,0,0,0,0,0,0,1,0,0,0,0,0,1
Error: User syke_mueller_1116 not found,0,0,0,0,0,0,0,0,0,0,0,0,0,0,1,0,0,0,0,0,1
Error: User sosia_cim_7287 not found,0,0,0,0,0,0,0,0,0,0,0,0,0,0,0,0,0,0,0,1,1
Error: User sopsia_siva_7557 not found,0,0,0,0,0,0,0,0,0,0,0,0,0,0,0,0,0,0,0,1,1
Error: User sopo4fa_57 not found,0,0,0,0,0,0,0,0,0,0,0,0,0,0,0,0,0,0,0,1,1
Error: User schoolbrownEI_crown_fin075 not found,0,0,0,0,0,0,0,0,0,0,0,0,0,0,0,0,0,0,0,1,1
Error: User sophia_silva_757 not found,1,0,0,0,0,0,0,0,0,0,0,0,0,0,0,0,0,0,0,0,1
Error: Customer with phone number +33 not found,0,0,0,0,0,0,0,0,0,0,1,0,0,0,0,0,0,0,0,0,1
Error: User sofia_silva_557 not found,0,0,0,0,0,1,0,0,0,0,0,0,0,0,0,0,0,0,0,0,1
Error: User sochia_s_557 not found,0,0,0,0,0,0,0,0,0,0,0,0,0,0,0,0,0,0,0,1,1
Error: User sia_kim_7287 not found,0,0,0,0,0,0,0,0,0,0,0,0,0,0,0,0,0,0,0,1,1
Error: User sia_ci_7287 not found,0,0,0,0,0,0,0,0,0,0,0,0,0,0,0,0,0,0,0,1,1
Error: User si_filva_7557 not found,0,0,0,0,0,0,0,0,0,0,0,0,0,0,0,0,0,0,0,1,1
Error: User may_brown not found,0,0,0,0,0,0,0,0,0,0,1,0,0,0,0,0,0,0,0,0,1
Error: User liam_khan_0501 not found,0,0,0,0,0,0,0,0,0,1,0,0,0,0,0,0,0,0,0,0,1
Error: User Sophia_silva_7557 not found,0,0,0,0,0,0,0,0,0,0,0,0,0,0,0,1,0,0,0,0,1
Error: User lia_kim_4397 not found,0,0,0,0,0,0,0,0,0,0,0,0,0,0,1,0,0,0,0,0,1
Error: User aaraz_ahmez_6699 not found,0,0,0,0,0,0,0,0,0,0,0,0,0,0,0,0,0,0,0,1,1
Error: User aarav_med_6699 not found,0,0,0,0,0,0,0,0,0,0,0,0,0,0,0,1,0,0,0,0,1
Error: User aarav_kapadia_1177 not found,0,0,0,0,0,0,0,0,0,1,0,0,0,0,0,0,0,0,0,0,1
Error: User aarav_g_k_1177 not found,0,0,0,0,0,0,0,0,0,1,0,0,0,0,0,0,0,0,0,0,1
Error: User aarav_ahmev_6699 not found,0,0,0,0,0,0,0,0,0,0,0,0,0,0,0,0,0,0,0,1,1
Error: User a_a_r_a_z_g_a_r_c_i_a_1177 not found,0,0,0,0,0,1,0,0,0,0,0,0,0,0,0,0,0,0,0,0,1
Error: User _sanchez_7340 not found,0,0,0,0,0,0,0,0,0,0,0,0,0,0,0,0,0,0,0,1,1
Error: User _rabcia_1177 not found,0,0,0,0,0,0,0,0,0,0,0,0,0,0,0,0,0,0,0,1,1
Error: User _gargia_1177 not found,0,0,0,0,0,0,0,0,0,0,0,0,0,0,0,0,0,0,0,1,1
Error: User _gardia_1177 not found,0,0,0,0,0,0,0,0,0,0,0,0,0,0,0,0,0,0,0,1,1
Error: User _ara_garcia_1177 not found,0,0,0,0,0,0,0,0,0,0,0,0,0,0,0,0,0,0,0,1,1
Error: User _ar_garcia_1177 not found,0,0,0,0,0,0,0,0,0,0,0,0,0,0,0,0,0,0,0,1,1
Error: User YAX4ZR not found,0,0,0,0,0,0,0,0,0,0,0,0,0,0,0,0,0,0,0,1,1
Error: User YARA_Garcia_1905 not found,0,0,0,0,0,0,0,0,0,0,0,0,0,0,0,0,0,0,0,1,1
Error: Customer with phone number 123-555-8912 not found,0,0,0,0,0,0,0,0,0,0,0,0,0,0,1,0,0,0,0,0,1
Error: User THAN_MARTIN_2396 not found,0,0,0,0,0,0,0,0,0,0,0,0,0,0,0,1,0,0,0,0,1
Error: User Sophia_underscore_Silva_7557 not found,0,0,0,0,0,0,0,0,0,0,0,0,0,0,0,1,0,0,0,0,1
Error: User aareef_ahmed_6699 not found,0,0,0,0,0,0,0,0,0,0,0,0,0,0,1,0,0,0,0,0,1
Error: User amelia_davis_h890 not found,0,0,0,0,0,0,0,0,0,0,0,0,0,0,1,0,0,0,0,0,1
Error: User amelia_doe_8890 not found,0,0,0,0,0,0,0,0,0,1,0,0,0,0,0,0,0,0,0,0,1
Error: User arv_ahmed_6699 not found,0,0,0,0,0,0,0,0,0,0,0,0,0,0,1,0,0,0,0,0,1
Error: User kim_7287 not found,0,0,0,0,1,0,0,0,0,0,0,0,0,0,0,0,0,0,0,0,1
Error: User kaiki_muller_1116 not found,0,0,0,0,1,0,0,0,0,0,0,0,0,0,0,0,0,0,0,0,1
Error: User ivan_rossi_855 not found,0,0,0,0,0,1,0,0,0,0,0,0,0,0,0,0,0,0,0,0,1
Error: User is_gonzales_2305 not found,0,0,0,0,0,0,0,0,0,0,0,0,0,0,0,0,0,0,0,1,1
Error: User fochia_sia_7557 not found,0,0,0,0,0,0,0,0,0,0,0,0,0,0,0,0,0,0,0,1,1
Error: User fia_taylor_9065 not found,0,0,0,0,0,0,0,0,0,0,0,0,0,0,1,0,0,0,0,0,1
Error: User daiki_lee_144 not found,0,0,0,0,0,0,0,0,0,1,0,0,0,0,0,0,0,0,0,0,1
Error: User arcia_1177 not found,0,0,0,0,1,0,0,0,0,0,0,0,0,0,0,0,0,0,0,0,1
Error: User amelia_roxy_1297 not found,0,0,0,0,0,0,0,0,0,1,0,0,0,0,0,0,0,0,0,0,1
Error: Customer with phone number 1200552002 not found,0,0,0,0,0,0,0,0,0,0,0,0,0,0,0,0,0,0,0,1,1
Error: Customer with phone number 1220012300 not found,0,0,0,0,0,0,0,0,0,0,0,0,0,0,0,0,0,0,0,1,1
Error: User araf_garcia_1177 not found,0,0,0,0,1,0,0,0,0,0,0,0,0,0,0,0,0,0,0,0,1
Error: User araf_ahmed_6699 not found,0,0,0,0,0,0,0,0,0,0,0,0,0,0,0,0,0,0,0,1,1
Error: User anwaye_gerci_5901 not found,0,0,0,0,0,0,0,0,0,1,0,0,0,0,0,0,0,0,0,0,1
Error: User LIAMM_AHAN not found,0,0,0,0,0,0,0,0,0,0,0,0,0,0,0,0,0,0,0,1,1
Error: Customer with phone number 1223255550 not found,0,0,0,0,0,0,0,0,0,0,0,0,0,0,0,0,0,0,0,1,1
Error: User LIAM_AHAN not found,0,0,0,0,0,0,0,0,0,0,0,0,0,0,0,0,0,0,0,1,1
Error: Customer with phone number 512-320 not found,0,0,0,0,0,0,0,0,0,0,0,0,0,0,0,0,0,0,0,1,1
Error: User LIAM not found,0,0,0,0,0,0,0,0,0,0,0,0,0,0,0,0,0,0,0,1,1
Error: Customer with phone number 555-123-2055 not found,0,0,0,0,0,0,0,0,0,0,0,0,0,0,0,0,0,0,0,1,1
Error: Reservation BA5SQ not found,0,0,0,0,0,0,0,0,0,0,0,0,0,0,1,0,0,0,0,0,1
Error: Reservation BA5SDQ not found,0,0,0,0,0,0,0,0,0,1,0,0,0,0,0,0,0,0,0,0,1
Error: Reservation B7N3P1 not found,0,0,0,0,0,0,0,0,0,0,0,0,0,0,0,1,0,0,0,0,1
Error: Reservation 8JX2WO not found,0,0,0,0,0,0,0,0,0,0,0,0,0,0,0,1,0,0,0,0,1
Error: Reservation 8HQ05L not found,0,0,0,0,0,0,0,0,0,1,0,0,0,0,0,0,0,0,0,0,1
Error: Reservation 3RK2E9 not found,0,0,0,0,0,0,0,0,0,1,0,0,0,0,0,0,0,0,0,0,1
Error: Reservation 1N99Q6 not found,0,0,0,0,0,0,0,0,0,1,0,0,0,0,0,0,0,0,0,0,1
Error: Customer with phone number +1-555-123-4567 not found,0,0,0,0,0,0,0,0,0,0,0,0,0,0,1,0,0,0,0,0,1
"Error: Payment amount does not add up, total price is 804, b",0,0,0,0,0,0,0,0,0,0,1,0,0,0,0,0,0,0,0,0,1
Error: Reservation PUP4EZ not found,0,0,0,0,1,0,0,0,0,0,0,0,0,0,0,0,0,0,0,0,1
Error: Customer with phone number 555-123-23 not found,0,0,0,0,0,0,0,0,0,0,0,0,0,0,0,0,0,0,0,1,1
Error: Customer with phone number 555-123-2320 not found,0,0,0,0,0,0,0,0,0,0,0,0,0,0,0,0,0,0,0,1,1
"Error: Payment amount does not add up, total price is 2613, ",0,0,0,0,1,0,0,0,0,0,0,0,0,0,0,0,0,0,0,0,1
"Error: Payment amount does not add up, total price is 255, b",0,0,0,0,0,0,0,0,0,0,1,0,0,0,0,0,0,0,0,0,1
"Error: Payment amount does not add up, total price is 1414, ",0,0,0,0,0,0,0,0,0,0,0,0,0,0,1,0,0,0,0,0,1
"Error: Payment amount does not add up, total price is 1368, ",0,0,0,0,0,0,0,0,0,1,0,0,0,0,0,0,0,0,0,0,1
Error: Customer with phone number +1-555-987-6543 not found,0,0,0,0,0,0,0,0,0,0,0,0,0,0,1,0,0,0,0,0,1
Error: Number of 7758198585 not found.,1,0,0,0,0,0,0,0,0,0,0,0,0,0,0,0,0,0,0,0,1
Error: Reservation EA5SDQ not found,0,0,0,0,0,0,0,0,0,1,0,0,0,0,0,0,0,0,0,0,1
Error: Reservation EUWU56 not found,0,0,0,0,0,0,0,0,0,0,0,0,0,0,1,0,0,0,0,0,1
Error: Reservation EUWY6 not found,0,0,0,0,0,0,0,0,0,0,0,0,0,0,1,0,0,0,0,0,1
Error: Reservation FI5UKW not found,0,0,0,0,0,0,0,0,0,0,0,0,0,0,0,0,0,0,0,1,1
Error: Customer with phone number 555-123-1234 not found,0,0,0,0,0,0,0,0,0,0,0,0,0,0,0,0,0,0,0,1,1
Error: Reservation MTI_BROWN_7075 not found,0,0,0,0,0,0,0,0,0,0,0,0,0,0,0,0,0,0,0,1,1
Error: Reservation MEI_BROWN_7075 not found,0,0,0,0,0,0,0,0,0,0,0,0,0,0,0,0,0,0,0,1,1
Error: Reservation M20IVO not found,1,0,0,0,0,0,0,0,0,0,0,0,0,0,0,0,0,0,0,0,1
Error: Reservation K9URD9 not found,0,0,0,0,1,0,0,0,0,0,0,0,0,0,0,0,0,0,0,0,1
Error: Reservation JMOG not found,0,0,0,0,0,0,0,0,0,0,0,0,0,0,0,1,0,0,0,0,1
Error: Reservation JM01MG not found,0,0,0,0,0,1,0,0,0,0,0,0,0,0,0,0,0,0,0,0,1
Error: Reservation I5UKW not found,0,0,0,0,0,0,0,0,0,0,0,0,0,0,0,0,0,0,0,1,1
Error: Reservation HXUBJ not found,0,0,0,0,0,0,0,0,0,0,0,0,0,0,0,0,0,0,0,1,1
Error: Reservation HXDUVJ not found,0,0,0,0,0,0,0,0,0,0,1,0,0,0,0,0,0,0,0,0,1
Error: Reservation HX-DUBJ not found,0,0,0,0,0,0,0,0,0,0,0,0,0,0,0,1,0,0,0,0,1
Error: Customer with phone number 555-123-2000 not found,0,0,0,0,0,0,0,0,0,0,0,0,0,0,0,0,0,0,0,1,1
Error: Reservation HHQ05 not found,0,0,0,0,0,0,0,0,0,0,0,0,0,0,0,0,0,0,0,1,1
Error: Reservation H9ZUC not found,0,0,0,0,0,0,0,0,0,0,0,0,0,0,0,1,0,0,0,0,1
Error: Reservation H9Z1C not found,0,0,0,0,0,0,0,0,0,0,0,0,0,0,0,1,0,0,0,0,1
Error: Reservation H8Q0 not found,0,0,0,0,0,0,0,0,0,0,0,0,0,0,0,1,0,0,0,0,1
Error: Reservation GB1N not found,0,0,0,0,0,0,0,0,0,0,0,0,0,0,0,0,0,0,0,1,1
Error: Customer with phone number 555-123-2345-002 not found,1,0,0,0,0,0,0,0,0,0,0,0,0,0,0,0,0,0,0,0,1
Error: Number of 5753502325 not found.,0,0,0,0,0,1,0,0,0,0,0,0,0,0,0,0,0,0,0,0,1
Error: Customer with phone number 555-123-555 not found,0,0,0,0,0,0,0,0,0,0,0,0,0,0,0,0,0,0,0,1,1
Error: New item 1631806422 not found or available,0,0,0,0,0,0,0,0,0,0,0,0,0,1,0,0,0,0,0,0,1
Error: Line must be suspended to resume,0,0,0,0,0,0,0,0,0,0,0,0,0,0,0,1,0,0,0,0,1
Error: Customer with phone number 555-5123 not found,0,0,0,0,0,0,0,0,0,0,0,0,0,0,0,0,0,0,0,1,1
Error: Customer with phone number 555-555-123 not found,0,0,0,0,0,0,0,0,0,0,0,0,0,0,0,0,0,0,0,1,1
Error: Customer with phone number 5550123 not found,0,0,0,0,0,0,0,0,0,0,0,0,0,0,0,0,0,0,0,1,1
Error: Customer with phone number 55512200 not found,0,0,0,0,0,0,0,0,0,0,0,0,0,0,0,0,0,0,0,1,1
Error: Flight HAT039 not found on date 2026-03-03,1,0,0,0,0,0,0,0,0,0,0,0,0,0,0,0,0,0,0,0,1
Error: Flight 9XX6W not found,0,0,0,0,0,0,0,0,0,0,0,0,0,0,0,0,0,0,0,1,1
Error: Flight 12045 not found,0,0,0,0,0,0,0,0,0,0,0,0,0,0,0,0,0,0,0,1,1
Error: Flight 045 not found,0,0,0,0,0,0,0,0,0,0,0,0,0,0,0,1,0,0,0,0,1
Error: Customer with phone number 555123 not found,0,0,0,0,0,0,0,0,0,0,0,0,0,0,0,0,0,0,0,1,1
Error: Customer with phone number incoming_caller not found,0,0,0,0,0,0,0,0,0,0,0,0,0,0,0,0,0,0,0,1,1
Error: Customer with phone number JOHN SMITH not found,0,0,0,0,0,0,0,0,0,0,0,0,0,0,1,0,0,0,0,0,1
Error: Customer with phone number 655-123-2002 not found,0,0,0,0,0,0,0,0,0,0,0,0,0,0,0,0,0,0,0,1,1
Error: Customer with phone number 5551230 not found,0,0,0,0,0,0,0,0,0,0,0,0,0,0,0,0,0,0,0,1,1
Error: Customer with phone number 5552355555 not found,0,0,0,0,0,0,0,0,0,0,0,0,0,0,0,0,0,0,0,1,1
Error: Customer with phone number 555232002 not found,0,0,0,0,0,0,0,0,0,0,0,0,0,0,0,0,0,0,0,1,1
Error: Customer with phone number 5551234567 not found,0,0,0,0,0,0,0,0,0,0,0,0,0,0,0,0,0,0,0,1,1
Error: New item 1434748144 not found or available,0,0,0,0,0,0,0,0,1,0,0,0,0,0,0,0,0,0,0,0,1
Error: New item 2343503231 not found or available,0,0,0,0,0,0,0,0,0,0,0,0,0,0,0,0,0,0,1,0,1
Error: Customer with phone number 555-1230 not found,0,0,0,0,0,0,0,0,0,0,0,0,0,0,0,0,0,0,0,1,1
Error: Customer with phone number 555-4567 not found,0,0,0,0,1,0,0,0,0,0,0,0,0,0,0,0,0,0,0,0,1
Error: Number of 1615379700 not found.,0,1,0,0,0,0,0,0,0,0,0,0,0,0,0,0,0,0,0,0,1
Error: Number of 1008292230 not found.,0,1,0,0,0,0,0,0,0,0,0,0,0,0,0,0,0,0,0,0,1
Error: Not enough seats on flight HAT271,0,0,0,0,0,0,0,0,0,0,0,0,0,0,1,0,0,0,0,0,1
Error: Not enough seats on flight HAT229,0,0,0,0,0,0,0,0,0,1,0,0,0,0,0,0,0,0,0,0,1
Error: Not enough balance in payment method gift_card_802079,0,0,0,0,0,0,0,0,0,0,0,0,0,0,1,0,0,0,0,0,1
Error: Not enough balance in payment method gift_card_613609,0,0,0,0,0,0,0,0,0,0,0,0,0,0,1,0,0,0,0,0,1
Error: Not enough balance in payment method certificate_7504,0,0,0,0,0,0,0,0,0,0,0,0,0,0,0,1,0,0,0,0,1
Error: Not enough balance in payment method certificate_3765,0,0,0,0,1,0,0,0,0,0,0,0,0,0,0,0,0,0,0,0,1
Error: Customer with phone number 555-1230055 not found,0,0,0,0,0,0,0,0,0,0,0,0,0,0,0,0,0,0,0,1,1
Error: Customer with phone number +1234567890 not found,0,0,0,0,1,0,0,0,0,0,0,0,0,0,0,0,0,0,0,0,1
Error: Customer with phone number +155512002 not found,0,0,0,0,0,0,0,0,0,1,0,0,0,0,0,0,0,0,0,0,1
Error: New item 7441167885 not found or available,0,0,0,0,0,0,0,0,0,0,0,0,0,1,0,0,0,0,0,0,1
Error: Customer with phone number 555-230-002 not found,0,0,0,0,0,0,0,0,0,0,0,0,0,0,0,0,0,0,0,1,1
Error: New item 5484530610 not found or available,0,0,0,0,0,0,0,0,1,0,0,0,0,0,0,0,0,0,0,0,1
Error: New item 4648814700 not found or available,0,0,0,0,0,0,0,0,0,0,1,0,0,0,0,0,0,0,0,0,1
Error: Customer with phone number 555-347-8921 not found,0,0,0,0,0,0,0,0,0,0,0,0,0,0,1,0,0,0,0,0,1
Error: New item 3478699712 not found or available,0,1,0,0,0,0,0,0,0,0,0,0,0,0,0,0,0,0,0,0,1
Error: Reservation PEE40 not found,0,0,0,0,0,0,0,0,0,0,0,0,0,0,1,0,0,0,0,0,1
Error: Reservation TB1N64 not found,0,0,0,0,0,0,0,0,0,0,0,0,0,0,1,0,0,0,0,0,1
Error: User KIM_7287 not found,0,0,0,0,1,0,0,0,0,0,0,0,0,0,0,0,0,0,0,0,1
Error: Customer with phone number 512-320-02 not found,0,0,0,0,0,0,0,0,0,0,0,0,0,0,0,0,0,0,0,1,1
Error: User Arev_MED not found,0,0,0,0,0,0,0,0,0,0,0,0,0,0,0,0,0,0,0,1,1
Error: User Arev_66 not found,0,0,0,0,0,0,0,0,0,0,0,0,0,0,0,0,0,0,0,1,1
Error: User Arav_ahmed_6699 not found,0,0,0,0,0,0,0,0,0,0,0,0,0,0,0,1,0,0,0,0,1
Error: User Arav_Ahmed_6699 not found,0,0,0,0,0,0,0,0,0,0,0,0,0,0,0,0,0,0,0,1,1
Error: User Anya_Garcia not found,0,0,0,0,0,0,0,0,0,0,0,0,0,0,0,1,0,0,0,0,1
Error: User Amelia_Sanchez_473 not found,0,0,0,0,0,0,0,0,0,0,0,0,0,0,0,0,0,0,0,1,1
Error: User Amelia_Rossi_1297 not found,0,0,0,0,0,0,0,0,0,0,0,0,0,0,0,1,0,0,0,0,1
Error: User Amelia_Davis_H890 not found,0,0,0,0,0,0,0,0,0,0,0,0,0,0,1,0,0,0,0,0,1
Error: User Amelia_Davis_889 not found,0,0,0,0,0,0,0,0,0,0,0,0,0,0,0,0,0,0,0,1,1
Error: Reservation V5SGQ not found,0,0,0,0,0,0,0,0,0,0,0,0,0,0,0,0,0,0,0,1,1
Error: User Amelia R. Davis_8890 not found,0,0,0,0,0,0,0,0,0,0,0,0,0,0,0,0,0,0,0,1,1
Error: User ANYA_GARCIA not found,0,0,0,0,0,0,0,0,0,0,0,0,0,0,0,1,0,0,0,0,1
Error: User ANYA_GAR not found,0,0,0,0,0,0,0,0,0,0,0,0,0,0,0,0,0,0,0,1,1
Error: User AMELIA_ROSSI_12 not found,0,0,0,0,0,0,0,0,0,0,0,0,0,0,0,0,0,0,0,1,1
Error: User AMELIA_ROSSI not found,0,0,0,0,0,0,0,0,0,0,0,0,0,0,0,0,0,0,0,1,1
Error: User AMELIA_DAVIS_H890 not found,0,0,0,0,0,0,0,0,0,0,0,0,0,0,1,0,0,0,0,0,1
Error: User AMEIA_DNEIS_8890 not found,0,0,0,0,0,0,0,0,0,0,0,0,0,0,0,0,0,0,0,1,1
Error: User AAR__THME not found,0,0,0,0,0,0,0,0,0,0,0,0,0,0,0,1,0,0,0,0,1
Error: User ETHAN_MARTIN_2396 not found,0,0,0,0,0,0,0,0,0,0,0,0,0,0,0,1,0,0,0,0,1
Error: User Emma_Kim_9957 not found,0,0,0,0,0,0,0,0,0,0,0,0,0,0,0,1,0,0,0,0,1
Error: Customer with phone number 20 not found,0,0,0,0,0,0,0,0,0,0,0,0,0,0,0,1,0,0,0,0,1
Error: User Ethan_Martins_23 not found,0,0,0,0,0,0,0,0,0,0,0,0,0,0,0,0,0,0,0,1,1
Error: User KIKI_ULLE_1116 not found,0,0,0,0,0,0,0,0,0,0,0,0,0,0,0,1,0,0,0,0,1
Error: User Jane's_underscore_Taylor_underscore_7043 not fou,0,0,0,0,0,0,0,0,0,0,0,0,0,0,0,0,0,0,0,1,1
Error: User James_Taylor_7043 not found,0,0,0,0,0,0,0,0,0,0,0,0,0,0,0,1,0,0,0,0,1
Error: User James_Patel98 not found,0,0,0,0,0,0,0,0,0,0,0,0,0,0,0,1,0,0,0,0,1
Error: User JAAmes_Lee_6136 not found,0,0,0,0,0,0,0,0,0,0,0,0,0,0,0,1,0,0,0,0,1
Error: User Ivan_Rossi_8555 not found,0,0,0,0,0,0,0,0,0,0,0,0,0,0,0,1,0,0,0,0,1
Error: User Ivan_Rossi_555 not found,0,0,0,0,0,0,0,0,0,0,0,0,0,0,0,0,0,0,0,1,1
Error: User Ivan_Muller_7015 not found,0,0,0,0,0,0,0,0,0,0,0,0,0,0,0,1,0,0,0,0,1
Error: User Ivan_Muller not found,0,0,0,0,0,0,0,0,0,0,0,0,0,0,0,0,0,0,0,1,1
Error: User IVAN_ROSSI_8555 not found,0,0,0,0,0,0,0,0,0,0,0,0,0,0,0,1,0,0,0,0,1
Error: User IOAM not found,0,0,0,0,0,0,0,0,0,0,0,0,0,0,0,0,0,0,0,1,1
Error: User IA_LI_3668 not found,0,0,0,0,0,0,0,0,0,0,0,0,0,0,0,0,0,0,0,1,1
Error: User IA_ILBA_7557 not found,0,0,0,0,0,0,0,0,0,0,0,0,0,0,0,0,0,0,0,1,1
Error: User IANAN not found,0,0,0,0,0,0,0,0,0,0,0,0,0,0,0,0,0,0,0,1,1
Error: User IAMKM not found,0,0,0,0,0,0,0,0,0,0,0,0,0,0,0,0,0,0,0,1,1
Error: User IAM not found,0,0,0,0,0,0,0,0,0,0,0,0,0,0,0,0,0,0,0,1,1
Error: User HAN not found,0,0,0,0,0,0,0,0,0,0,0,0,0,0,0,0,0,0,0,1,1
Error: User AAR_AHMED_6699 not found,0,0,0,0,0,0,0,0,0,0,0,0,0,0,0,1,0,0,0,0,1
Error: User AARAV_ahmed_6699 not found,0,0,0,0,0,0,0,0,0,0,0,0,0,0,0,1,0,0,0,0,1
Error: Unknown ID format or type: customer_id,0,0,0,0,1,0,0,0,0,0,0,0,0,0,0,0,0,0,0,0,1
Error: RetailTools.get_item_details() got an unexpected keyw,1,0,0,0,0,0,0,0,0,0,0,0,0,0,0,0,0,0,0,0,1
Error: Reservation ZFA04Y not found,0,0,0,0,0,0,0,0,0,0,0,0,0,0,0,1,0,0,0,0,1
Error: Reservation ZA5SGQ not found,0,0,0,0,0,0,0,0,0,0,0,0,0,0,0,0,0,0,0,1,1
Error: Reservation YFOYYZ not found,1,0,0,0,0,0,0,0,0,0,0,0,0,0,0,0,0,0,0,0,1
Error: Reservation YAX4CR not found,0,0,0,0,0,0,0,0,0,0,0,0,0,0,1,0,0,0,0,0,1
Error: Reservation XU-RD9 not found,0,0,0,0,0,0,0,0,0,0,0,0,0,0,1,0,0,0,0,0,1
Error: Reservation XEWURD9 not found,0,0,0,0,1,0,0,0,0,0,0,0,0,0,0,0,0,0,0,0,1
Error: Reservation XEQRD9 not found,1,0,0,0,0,0,0,0,0,0,0,0,0,0,0,0,0,0,0,0,1
Error: Customer with phone number 555-123-0022 not found,0,0,0,0,0,0,0,0,0,1,0,0,0,0,0,0,0,0,0,0,1
Error: Reservation XEH4NB not found,0,0,0,0,0,0,0,0,0,0,1,0,0,0,0,0,0,0,0,0,1
Error: Reservation XCHM4B not found,0,0,0,0,0,0,0,0,0,0,0,0,0,0,0,0,0,0,0,1,1
Error: Reservation X-E-W-R-D-9 not found,0,0,0,0,0,0,0,0,0,0,0,0,0,0,1,0,0,0,0,0,1
Error: Reservation X E W R D 9 not found,0,0,0,0,0,0,0,0,0,1,0,0,0,0,0,0,0,0,0,0,1
Error: Reservation WHGLP3 not found,0,0,0,0,0,0,0,0,0,0,0,0,0,0,1,0,0,0,0,0,1
Error: Reservation W R D 9 not found,0,0,0,0,0,0,0,0,0,1,0,0,0,0,0,0,0,0,0,0,1
Error: Reservation VE5SQ not found,0,0,0,0,0,0,0,0,0,0,0,0,0,0,1,0,0,0,0,0,1
Error: Reservation VA5SQ not found,0,0,0,0,0,0,0,0,0,0,0,0,0,0,1,0,0,0,0,0,1
Error: Reservation VA5GQ not found,0,0,0,0,0,0,0,0,0,0,0,0,0,0,1,0,0,0,0,0,1
Error: Reservation x c u b d not found,0,0,0,0,0,0,0,0,0,1,0,0,0,0,0,0,0,0,0,0,1
Error: RetailTools.get_order_details() got an unexpected key,0,0,0,1,0,0,0,0,0,0,0,0,0,0,0,0,0,0,0,0,1
Error: Customer with phone number 512-555-123 not found,0,0,0,0,0,0,0,0,0,0,0,0,0,0,0,0,0,0,0,1,1
Error: RetailTools.get_product_details() got an unexpected k,1,0,0,0,0,0,0,0,0,0,0,0,0,0,0,0,0,0,0,0,1
Error: Customer with phone number 51232002 not found,0,0,0,0,0,0,0,0,0,0,0,0,0,0,0,0,0,0,0,1,1
Error: Customer with phone number 5235232023 not found,0,0,0,0,0,0,0,0,0,0,0,0,0,0,0,0,0,0,0,1,1
Error: 5753502325 not found,0,0,0,1,0,0,0,0,0,0,0,0,0,0,0,0,0,0,0,0,1
Error: 8733974883 not found,0,0,0,0,0,0,0,0,0,0,0,1,0,0,0,0,0,0,0,0,1
Error: Customer with phone number 55-123 not found,0,0,0,0,0,0,0,0,0,0,0,0,0,0,0,1,0,0,0,0,1
Error: Customer with phone number 550051232002 not found,0,0,0,0,0,0,0,0,0,0,0,0,0,0,0,0,0,0,0,1,1
Error: Customer with phone number 5512123002 not found,0,0,0,0,0,0,0,0,0,0,0,0,0,0,0,0,0,0,0,1,1
Error: Tool 'check_wifi_status' not found.,0,0,0,0,0,0,0,0,0,0,1,0,0,0,0,0,0,0,0,0,1
Error: Customer with phone number 55123002 not found,0,0,0,0,0,0,0,0,0,0,0,0,0,0,0,1,0,0,0,0,1
Error: Customer with phone number 551234002 not found,0,0,0,0,0,0,0,0,0,0,0,0,0,0,0,0,0,0,0,1,1
Error: Customer with phone number 5523523 not found,0,0,0,0,0,0,0,0,0,0,0,0,0,0,0,0,0,0,0,1,1
Error: Customer with ID 123 not found,0,0,0,0,0,0,0,0,0,0,0,0,0,0,0,0,0,0,0,1,1
Error: Customer with phone number 555-005-5532003 not found,0,0,0,0,0,0,0,0,0,0,0,0,0,0,0,0,0,0,0,1,1
Error: Customer with phone number 555-1200 not found,0,0,0,0,1,0,0,0,0,0,0,0,0,0,0,0,0,0,0,0,1
Error: Customer with phone number 555-122-2002 not found,0,0,0,0,0,0,0,0,0,0,0,0,0,0,1,0,0,0,0,0,1
Error: Customer with phone number 555-123-0 not found,0,0,0,0,0,0,0,0,0,0,0,0,0,0,0,1,0,0,0,0,1
Error: Customer with phone number 555-123-0010 not found,0,0,0,0,0,0,0,0,0,0,0,0,0,0,0,0,0,0,0,1,1
Error: Customer with phone number +1555123002 not found,0,0,0,0,0,0,0,0,0,1,0,0,0,0,0,0,0,0,0,0,1
